{"cameraMode":{"drawMode":0,"name":"Shaded","section":"Shading Mode"},"sceneLighting":true,"audioPlay":false,"sceneViewState":{"showFog":true,"showMaterialUpdate":false,"showSkybox":true,"showFlares":true,"showImageEffects":true,"showParticleSystems":true},"in2DMode":false,"pivot":{"x":95144.984375,"y":351.77386474609377,"z":70.69511413574219},"rotation":{"x":0.010499566793441773,"y":-0.006907070986926556,"z":-0.00007258249388542026,"w":-0.9999210238456726},"size":28.070716857910158,"orthographic":false}