{"cameraMode":{"drawMode":0,"name":"Shaded","section":"Shading Mode"},"sceneLighting":true,"audioPlay":false,"sceneViewState":{"showFog":true,"showMaterialUpdate":false,"showSkybox":true,"showFlares":true,"showImageEffects":true,"showParticleSystems":true},"in2DMode":false,"pivot":{"x":925.2999877929688,"y":542.2000122070313,"z":-66.5999984741211},"rotation":{"x":-0.1644943356513977,"y":-0.02751840651035309,"z":0.004595083184540272,"w":-0.9859886169433594},"size":115.14688873291016,"orthographic":false}